"","bmi","age","sex","race","numpeople","car","gotosch","snack","tvhours","cmpthours","cellhours","sports","exercises","sweat","overweigh"
"1",18.2066454255803,12.2,"F","OTHER",5,3,"2","1",4,0,0,"2",2,1,0
"2",22.784011086138,12.8,"M","OTHER",4,3,"2","1",4,2,0,"1",8,2,0
"3",19.6072533468802,12.6,"F","OTHER",4,2,"4","2",NA,NA,NA,NA,4,2,0
"4",25.567536173329,12.1,"M","OTHER",2,3,"2","1",0,2,0,"2",9,1,1
"5",15.0740820472865,12.3,"M","OTHER",4,1,"2","1",2,1,3,"1",12,1,0
"6",22.983382063227,11.8,"M","OTHER",4,1,"1","1",4,3,2,"1",1,1,0
"7",23.8941527231058,NA,"M","OTHER",NA,NA,NA,NA,NA,NA,NA,NA,0,NA,0
"8",19.1565830258667,12.1,"F","OTHER",3,3,"2","1",0,0,1,"1",1,3,0
"9",16.6435942475195,12.4,"M","OTHER",5,3,"1","1",0,0,0,"2",5,1,0
"10",17.2064321426963,12.7,"M","OTHER",5,3,"2","2",3,NA,NA,"1",7,2,0
"11",22.1085894857799,11.9,"F","OTHER",5,2,"2","1",3,4,1,"1",6,1,0
"12",17.1702973613252,11.9,"M","OTHER",5,2,"2",NA,0,2,1,"2",2,2,0
"13",25.3349112426035,12.2,"F","OTHER",4,3,"2","2",NA,NA,NA,"2",3,2,1
"14",14.5094298677245,NA,"M","OTHER",4,3,"2","1",0,0,1,"2",0,3,0
"15",13.9802412590206,11.9,"F","OTHER",5,2,"3","1",NA,NA,1,"2",5,2,0
"16",15.9340424623008,12.4,"F","OTHER",4,3,"2","2",0,0,1,"1",12,1,0
"17",18.5656891212488,12.7,"M","OTHER",5,3,"2","1",0,0,1,"1",67,2,0
"18",16.0031604921579,12.3,"M","OTHER",2,3,"3","1",3,2,1,"1",22,2,0
"19",20.8719401517909,11.8,"F","OTHER",5,2,"2","1",3,2,2,"1",9,2,0
"20",18.3930387053696,12.7,"F","OTHER",5,3,"4","1",4,4,3,"2",9,2,0
"21",16.9427585147794,13,"F","OTHER",2,3,"2","1",4,3,1,"1",2,1,0
"22",17.2444444444444,13,"M","OTHER",5,3,"2","1",0,NA,NA,"1",4,2,0
"23",16.9542100694444,12.3,"F","OTHER",4,1,"2","1",1,3,1,"1",8,1,0
"24",16.5894644388079,12.1,"M","OTHER",3,2,"2","1",2,1,0,"1",4,2,0
"25",15.6888888888889,11.8,"M","OTHER",5,1,"2","2",NA,NA,NA,NA,2,2,0
"26",13.9205721015608,12,"F","OTHER",2,3,"3","1",1,0,0,"2",2,2,0
"27",20.5793668958792,12.2,"M","OTHER",5,3,"2",NA,0,0,0,NA,2,2,0
"28",16.5124844456338,11.9,"F","OTHER",3,1,"3","1",1,2,0,"1",9,2,0
"29",27.7366863905325,12.1,"F","OTHER",5,2,"2","1",1,3,1,"1",3,2,1
"30",20.1846153846154,13.9,"M","OTHER",3,3,"2","1",2,0,0,"1",13,2,0
"31",19.3704529420893,13.4,"M","OTHER",5,3,"2","1",NA,2,4,"1",3,2,0
"32",19.4700419520241,NA,"M","OTHER",4,2,"2","1",4,3,2,"1",26,1,0
"33",16.9397985345821,12.6,"M","OTHER",2,1,"1","1",2,3,2,"1",8,2,0
"34",18.3554778449811,12.8,"M","OTHER",5,2,"2","1",2,1,0,"2",12,2,0
"35",23.6614386154678,12.5,"M","OTHER",2,3,"2","1",1,2,NA,"2",30,2,0
"36",16.2426835412085,12,"M","OTHER",5,3,"2","2",NA,0,0,"1",1,1,0
"37",18.6637875479646,13.7,"F","OTHER",3,2,"2","1",0,0,1,"2",0,1,0
"38",20.614020385147,11.9,"F","OTHER",3,3,"2","1",0,0,0,"2",7,2,0
"39",15.4424697807622,14.3,"M","OTHER",4,2,"2","1",3,2,1,"2",9,2,0
"40",15.7538461538462,12.3,"F","OTHER",5,3,"2","1",0,2,2,"2",7,2,0
"41",18.0534707290357,11.8,"F","OTHER",5,3,"2","1",1,0,0,"2",21,1,0
"42",15.7837606332703,13.6,"F","OTHER",2,2,"2","1",0,NA,0,NA,15,1,0
"43",19.472830139029,13.1,"M","OTHER",4,3,"2","1",4,4,1,"1",6,1,0
"44",21.4374506027425,13,"M","MIXED",5,1,"2","1",3,4,0,"1",1,2,0
"45",17.8684151773487,13.3,"F","OTHER",3,2,"2","1",NA,4,3,"1",5,1,0
"46",19.2487231160799,14.1,"M","OTHER",3,NA,"3","1",0,1,4,"1",7,1,0
"47",14.9542813386784,13,"F","OTHER",5,3,"2","1",0,0,1,NA,18,2,0
"48",19.8867760197416,13.7,"F","OTHER",2,3,"3","1",4,4,0,"1",8,2,0
"49",19.935920256319,13.1,"F","OTHER",1,3,"2","1",3,4,1,"1",0,2,0
"50",16.0199359202563,12.3,"F","OTHER",3,2,"2","1",1,2,1,"1",4,3,0
"51",25.4141198243168,13.1,"F","OTHER",4,3,"2","1",3,2,1,"2",0,2,1
"52",18.7822208999539,12.7,"F","OTHER",5,1,"2","1",3,3,2,"1",0,3,0
"53",20.4924425907833,13.1,"M","OTHER",1,3,"3","1",NA,3,1,"1",6,2,0
"54",18.2615047479912,12.9,"F","OTHER",5,3,"3","1",1,0,0,"2",18,1,0
"55",16.3506148371695,12.4,"M","OTHER",3,3,"3","1",1,2,2,"1",10,3,0
"56",19.3877551020408,12.2,"M","OTHER",4,3,"2","1",4,2,0,"1",3,3,0
"57",17.5533351336754,12.2,"F","OTHER",5,1,"2","1",1,1,1,"1",7,2,0
"58",16.2115387658955,12.6,"M","OTHER",5,3,"2","1",3,1,1,"1",8,1,0
"59",15.842524496149,12.3,"M","OTHER",2,1,"2","1",2,3,1,"1",10,2,0
"60",17.1046306681622,13.7,"F","OTHER",3,3,"4","1",4,4,4,"1",1,3,0
"61",24.5217772984458,12.7,"F","OTHER",2,1,"2","1",2,2,0,"1",7,3,0
"62",24.6275458457827,12.3,"M","OTHER",5,3,"2","2",1,0,1,"1",9,3,0
"63",16.6089110563601,22.7,"M","OTHER",5,1,"1","1",3,2,0,"1",9,2,0
"64",17.7405110587048,12.8,"F","OTHER",3,1,"4","1",0,2,1,"2",7,1,0
"65",14.090879657779,12.7,"M","OTHER",3,1,"2","1",4,3,0,"1",10,2,0
"66",19.5902844011094,13.2,"M","OTHER",5,1,"2","1",4,3,4,"1",16,1,0
"67",18.4426035502959,12.6,"F","OTHER",2,1,"2","1",0,4,4,"1",10,3,0
"68",20.4489537269935,12.6,"M","OTHER",2,2,"2","1",3,2,1,"1",6,2,0
"69",15.7538461538462,11.9,"F","OTHER",2,1,"2","1",2,3,2,"2",9,2,0
"70",15.9712603878116,12.6,"F","OTHER",5,1,"3","1",3,2,3,"1",20,2,0
"71",14.5159789497627,12.5,"F","MIXED",3,3,"2","1",0,0,0,"2",39,1,0
"72",16.3590386408024,12.9,"F","MIXED",5,1,"2","1",2,2,1,"2",3,3,0
"73",18.0136146210888,12.5,"F","",2,1,"1","1",3,3,4,"1",17,1,0
"74",16.6331051584683,12.5,"F","MIXED",5,3,"1","1",3,3,0,"2",20,3,0
"75",17.848405918587,12.6,"F","",4,2,"2","1",3,0,1,"2",22,2,0
"76",22.0221565290095,12.4,"F","OTHER",5,3,"2","1",3,1,0,"2",1,3,0
"77",15.7926857184139,12.3,"F","",2,3,"2","1",2,4,1,"2",9,2,0
"78",22.8749908887748,12.3,"F","",5,3,"2","1",0,2,1,"1",12,2,0
"79",21.2404988066597,13.1,"F","MIXED",1,3,"2","1",1,0,1,"1",8,2,0
"80",20.5078442504258,12.9,"F","MIXED",5,1,"2","1",1,2,2,"2",18,1,0
"81",21.2060732030557,12.2,"F","OTHER",4,3,"2","1",0,0,0,"2",12,1,0
"82",27.1167807610314,12.9,"F","OTHER",4,3,"2","1",2,2,1,"1",7,2,1
"83",19.5896173441872,12.2,"F","MIXED",2,1,"3","1",0,2,1,"1",4,2,0
"84",17.8339557598391,12.5,"M","OTHER",3,2,"1","1",4,4,4,"1",11,2,0
"85",14.0803797679572,12,"M","OTHER",5,2,"2","1",2,3,2,"1",8,3,0
"86",17.8705396834906,14.4,"M","OTHER",5,1,"2","1",2,2,1,"1",7,1,0
"87",17.5928411401026,12.8,"M","OTHER",4,3,"2","1",0,0,0,"2",5,3,0
"88",16.9338666723254,12.5,"M","OTHER",5,3,"1","1",0,1,0,"1",6,2,0
"89",16.5343837456173,12.8,"M","OTHER",5,1,"2",NA,NA,NA,NA,NA,5,1,0
"90",16.2278388575601,11.9,"M","OTHER",2,1,"3",NA,NA,NA,NA,NA,14,1,0
"91",14.615329978637,12.7,"M","OTHER",3,3,"2",NA,NA,0,NA,NA,8,2,0
"92",16.7934729368519,12.4,"M","OTHER",2,3,"2","1",0,3,1,"1",40,1,0
"93",18.1173441028924,12.2,"M","OTHER",5,1,"2","1",1,1,NA,"1",16,1,0
"94",19.5129790005911,12,"M","OTHER",1,3,"2","2",4,0,2,"1",15,1,0
"95",15.5853990480988,12.5,"M","OTHER",3,3,"2","2",1,2,0,"1",2,2,0
"96",19.7303351912431,14.1,"M","OTHER",5,3,"3","2",0,0,0,"2",16,2,0
"97",18.4091624009837,11.9,"F","OTHER",4,1,"2","1",3,2,1,"1",22,1,0
"98",16.720087284023,14.1,"M","OTHER",5,1,"2","1",4,1,0,"1",5,3,0
"99",15.1278737557324,11.9,"F","OTHER",5,1,"2","1",1,0,1,"2",28,2,0
"100",19.9343546613808,15.3,"M","OTHER",3,3,"2",NA,2,1,0,NA,12,2,0
"101",19.256939862381,15.2,"F","OTHER",5,1,"2","1",4,4,4,"1",11,2,0
"102",20.422419460881,12.3,"F","OTHER",5,3,"2","1",4,0,1,"1",30,1,0
"103",17.8170657465528,11.9,"M","OTHER",2,3,"2","1",2,0,1,"1",5,3,0
"104",14.4344548851906,12.1,"F","OTHER",5,3,"2",NA,4,4,0,"1",12,2,0
"105",26.3100595151691,12.3,"F","OTHER",4,1,"2","1",1,1,1,"1",6,2,1
"106",19.6044726609946,14.5,"M","OTHER",5,3,"2","1",4,3,0,"2",5,1,0
"107",16.9146307420312,14.4,"M","OTHER",3,1,"2","1",3,3,3,"1",3,2,0
"108",23.3641226047356,12.9,"M","OTHER",4,3,"2",NA,0,0,NA,"1",6,1,0
"109",28.3206102306897,14.2,"F","OTHER",4,1,"2","1",4,4,4,"2",2,3,1
"110",21.4981223235139,12.8,"F","OTHER",3,2,"2","1",4,4,4,"1",11,2,0
"111",22.7976331360947,12.6,"F","OTHER",2,3,"3","1",0,3,0,"1",14,1,0
"112",17.7835493150808,12.2,"F","OTHER",3,1,"1","1",2,4,3,"1",4,1,0
"113",13.8493128809444,11.9,"F","MIXED",5,1,"2","1",0,0,0,"1",16,2,0
"114",17.9057843294344,12.3,"F","MIXED",3,1,"2","1",3,0,1,"1",9,1,0
"115",15.1318366986812,12,"F","OTHER",5,3,"2","1",4,4,2,"2",19,1,0
"116",20.7279091309769,12,"F","OTHER",4,1,"1","1",3,1,1,"1",12,1,0
"117",17.0447263872869,12,"F","OTHER",3,2,"2","1",4,4,1,"2",6,1,0
"118",22.0025510204082,12.7,"F","OTHER",2,1,"1","1",4,4,2,"1",7,3,0
"119",18.0152781543966,12.2,"F","OTHER",3,1,"1","1",2,2,1,"1",8,1,0
"120",17.1761921219929,12.5,"F","OTHER",3,1,"1","1",1,0,0,"1",6,1,0
"121",20.3127492504782,12.5,"F","OTHER",5,2,"2","1",2,4,1,"1",12,2,0
"122",18.2518040682454,12,"F","OTHER",5,3,"2","1",2,1,1,"2",1,2,0
"123",18.4185971033308,12.3,"F","OTHER",3,1,"1","1",1,3,0,"2",6,1,0
"124",15.9520306040453,11.9,"F","OTHER",4,1,"1","1",4,4,1,"2",4,2,0
"125",20.5095337285691,12.4,"F","OTHER",5,2,"2","1",1,1,1,"1",7,2,0
"126",18.2445759368836,12.2,"F","OTHER",5,1,"2","1",NA,0,1,"2",4,2,0
"127",27.2483772759623,12.5,"F","OTHER",3,3,"2","1",2,1,1,"2",14,2,1
"128",19.7745373170237,11.9,"F","OTHER",4,2,"2","1",1,2,1,"1",10,1,0
"129",15.6114947649811,12.7,"F","OTHER",3,1,"1","1",1,1,1,"2",9,2,0
"130",17.5460223537147,12.3,"F","OTHER",2,2,"2","1",1,1,0,"1",13,2,0
"131",17.009980879377,11.3,"F","OTHER",4,2,"2","1",2,3,1,"1",10,2,0
"132",31.2421264802217,11.9,"F","OTHER",4,1,"1","1",1,0,1,"2",6,1,1
"133",20.9632653061224,12.4,"F","OTHER",3,3,"2","1",0,0,3,"1",10,2,0
"134",21.5063175751136,12.7,"F","OTHER",5,1,"1","1",3,3,1,"1",3,2,0
"135",22.0828586154514,12.3,"F","OTHER",2,3,"2","1",2,1,0,"1",6,1,0
"136",18.8461872524389,11.8,"F","OTHER",2,3,"3","1",3,0,0,"1",5,2,0
"137",18.7085559343875,13.6,"F","OTHER",5,3,"2","1",1,0,1,"1",10,2,0
"138",33.9794753888214,11.9,"F","OTHER",3,3,"2","1",4,0,4,"2",5,3,1
"139",17.8426009793524,11.9,"F","OTHER",4,2,"2","1",3,3,1,"2",5,3,0
"140",17.3463245124849,14,"F","OTHER",4,3,"1","1",4,4,4,"1",8,1,0
"141",24.6066764281011,12.9,"F","OTHER",2,1,"2","1",2,3,2,"1",8,1,0
"142",29.1438477380537,11.9,"F","OTHER",3,1,"2","1",2,1,2,"2",2,3,1
"143",16.0981305762451,11.9,"F","OTHER",5,2,"2","1",1,1,1,"1",7,1,0
"144",16.4686575443787,11.9,"F","OTHER",5,3,"3","1",1,4,1,"1",7,1,0
"145",19.023825012738,12.6,"F","OTHER",2,1,"1","1",1,1,1,"1",7,2,0
"146",20.1169243174994,11.8,"F","OTHER",5,2,"1","1",2,3,2,"1",7,1,0
"147",22.7589931196267,12.5,"F","OTHER",4,1,"1","1",2,3,1,"2",4,2,0
"148",15.7018990440362,12,"F","OTHER",4,1,"1","1",2,3,1,"2",6,2,0
"149",20.3025979949729,11.9,"F","OTHER",5,1,"2",NA,NA,NA,NA,"2",2,2,0
"150",20.4857922660953,12.6,"F","OTHER",2,1,"2",NA,4,4,1,"2",1,3,0
"151",17.9618288935998,12.6,"F","OTHER",3,2,"2","1",0,2,1,"1",2,3,0
"152",26.2977525905689,12.1,"F","OTHER",5,2,"2","1",2,1,2,"2",4,3,1
"153",23.0476501084168,12.2,"F","OTHER",1,1,"2","1",3,4,1,"2",9,2,0
"154",20.4353535450354,12.8,"F","OTHER",5,3,"2","1",2,0,2,"2",15,1,0
"155",16.2760141436449,11.9,"F","OTHER",5,3,"3","1",1,0,0,"2",4,2,0
"156",23.2583672337278,12.7,"F","OTHER",3,1,"1","1",0,2,0,"2",5,1,0
"157",14.5500335973503,11.8,"F","OTHER",2,3,"2","1",1,1,1,"1",3,2,0
"158",24.3465165477428,12.3,"F","OTHER",2,3,"2","1",1,1,1,"1",9,2,0
"159",18.3384989525578,12,"M","CAUCASIAN",5,1,"1","1",2,2,1,"1",9,1,0
"160",17.7443956698053,11.9,"F","MIXED",5,1,"1","1",2,2,3,"1",5,2,0
"161",25.3077224990406,11.4,"F","OTHER",2,1,"1","1",3,1,3,"2",6,1,1
"162",27.5230248153648,12.4,"F","OTHER",2,1,"1","1",4,4,4,"1",14,1,1
"163",18.6843455766069,11.6,"M","INDIAN",3,1,"1","1",1,1,1,"1",19,2,0
"164",21.7718111272133,11.9,"F","CAUCASIAN",3,1,"1","1",2,2,1,"1",8,1,0
"165",15.7009757266153,11.7,"M","OTHER",3,NA,"2","1",3,3,2,"2",15,1,0
"166",15.3430866685676,12.4,"M","OTHER",3,2,"2","2",2,2,1,"1",4,3,0
"167",17.8596850795638,14.6,"M","OTHER",5,1,"2","1",0,0,0,"1",4,2,0
"168",17.6654382310527,11.8,"F","OTHER",5,2,"2","1",0,2,1,"2",7,3,0
"169",15.0692520775623,14.8,"M","OTHER",4,3,"3","1",1,0,0,"2",3,2,0
"170",17.8578861365068,12.8,"M","OTHER",5,3,"2","1",1,1,1,"2",4,2,0
"171",14.8934284013627,11.8,"M","OTHER",2,1,"2","2",2,2,2,"1",10,1,0
"172",21.0517082584097,12.7,"F","OTHER",2,3,"2","1",2,4,3,"2",2,3,0
"173",17.3411097411343,14,"F","OTHER",3,3,"2","1",1,2,4,"1",4,2,0
"174",16.360231410252,11.9,"M","OTHER",5,3,"2","1",2,2,0,"1",8,1,0
"175",14.3283265063969,13.3,"M","OTHER",3,3,"2","1",0,0,0,"2",1,2,0
"176",17.3491882895636,13.3,"F","OTHER",5,3,"2","1",4,2,4,"1",5,1,0
"177",16.9498580449389,12.5,"M","OTHER",1,1,"2","1",3,3,4,"1",12,2,0
"178",17.2565190880209,12.1,"M","OTHER",3,3,"2","1",3,2,3,"2",3,3,0
"179",20.1560403020652,11.9,"M","OTHER",2,1,"2","1",3,2,2,"2",15,1,0
"180",15.3190263174797,13.1,"M","OTHER",4,3,"3","1",1,0,0,"2",2,2,0
"181",17.7848076848887,11.9,"F","OTHER",5,3,"2","1",2,0,0,"2",2,3,0
"182",16.3465935070873,13.1,"M","OTHER",4,1,"2","1",3,4,3,"1",21,1,0
"183",15.9223919316192,13.7,"M","OTHER",5,3,"2","1",2,0,0,"1",8,1,0
"184",16.8727233042105,12.7,"F","OTHER",5,3,"2","2",3,2,NA,NA,1,2,0
"185",19.9555555555556,11.8,"M","OTHER",5,3,"2","1",2,3,0,"1",5,2,0
"186",15.7946923983655,13,"F","OTHER",3,3,"3","2",2,NA,0,"1",12,2,0
"187",24.3749410877557,12,"F","OTHER",4,3,"2","1",1,0,3,"1",9,3,0
"188",15.6576029722464,12,"F","OTHER",2,1,"2","1",2,2,1,"1",20,1,0
"189",16.3735192710182,12.2,"M","OTHER",2,3,"3","1",4,2,0,"1",6,1,0
"190",29.6827018006256,12.6,"F","OTHER",4,3,"2",NA,0,0,0,"2",10,1,1
"191",16.6659357045744,12.4,"M","OTHER",3,3,"2","1",1,0,0,"1",6,3,0
"192",15.3537982404102,12.7,"M","OTHER",5,2,"2","1",3,1,2,"1",3,2,0
"193",16.2942897612721,12,"F","OTHER",5,3,"2","1",3,4,0,"2",3,2,0
"194",19.4573559615177,11.9,"M","OTHER",3,2,"2","1",4,2,NA,"1",10,1,0
"195",15.9438775510204,12.7,"M","OTHER",5,2,"2",NA,1,2,0,"1",3,2,0
"196",15.8687661901309,12,"M","OTHER",4,1,"2","1",2,2,1,"2",5,2,0
"197",21.4217257467861,11.9,"F","OTHER",5,3,"2","1",2,0,0,"2",0,2,0
"198",17.3697837879673,12,"M","OTHER",5,3,"2",NA,2,0,1,"1",9,1,0
"199",23.1755424063116,11.8,"F","OTHER",5,3,"2","1",NA,0,NA,NA,7,1,0
"200",18.6373439122447,12.6,"F","OTHER",4,3,"2","2",2,0,2,"1",13,2,0
"201",16.015798665709,12.1,"F","OTHER",5,3,"2","1",0,0,0,"2",5,2,0
"202",16.8601854864754,12,"M","OTHER",3,3,"2","1",2,1,0,NA,4,2,0
"203",18.5819804817736,12.7,"F","OTHER",3,1,"2",NA,1,1,1,"1",15,2,0
"204",17.6034481420846,11.8,"F","OTHER",4,3,"2","1",1,0,0,"2",6,NA,0
"205",17.6591947045901,12.2,"F","OTHER",5,1,"2","2",1,1,0,"2",2,2,0
"206",20.0397003661194,12.8,"M","OTHER",5,1,"2","1",2,3,3,"1",9,2,0
"207",18.1051587301587,12,"F","OTHER",3,3,"3","1",0,0,1,"2",8,2,0
"208",16.7536511556511,NA,"M","OTHER",NA,NA,NA,NA,NA,NA,NA,NA,0,NA,0
"209",19.0333651344217,NA,"M","OTHER",3,2,"2","1",3,0,1,"1",3,2,0
"210",15.2440910191952,12.8,"F","OTHER",5,1,"2","1",3,0,2,"1",1,3,0
"211",15.7629193245032,11.9,"M","OTHER",3,1,"3",NA,1,0,0,"1",8,2,0
"212",16.8258902024483,12,"F","OTHER",5,3,"2","1",3,0,1,"1",10,2,0
"213",16.328125,13.2,"F","OTHER",4,3,"3","1",4,0,0,"1",1,2,0
"214",21.4666666666667,14,"F","OTHER",3,3,"2","1",3,0,0,"2",0,2,0
"215",14.6952026998163,14.1,"M","MIXED",4,3,"2",NA,2,NA,1,"2",6,1,0
"216",17.1847460342894,13.3,"M","OTHER",4,3,"4","1",1,NA,0,"1",8,3,0
"217",21.6587593343178,12.7,"F","OTHER",5,1,"2","2",4,0,2,"1",10,1,0
"218",23.0612325690713,12.3,"F","OTHER",5,1,"2","1",1,3,3,"2",4,2,0
"219",15.5559411650624,13.9,"F","OTHER",5,3,"3","1",1,2,0,"2",16,3,0
"220",16.8057529887328,12.7,"F","OTHER",1,1,"2","1",2,1,1,"2",2,3,0
"221",17.0064279155188,12.7,"M","OTHER",1,2,"2","1",1,4,3,"1",7,1,0
"222",16.8930708271736,12.2,"M","OTHER",5,1,"3","2",1,1,0,"2",7,2,0
"223",17.7460155426902,12.3,"F","OTHER",4,3,"2","1",NA,3,1,"1",10,3,0
"224",20.9540840795862,12.1,"M","OTHER",5,1,"3","1",2,0,1,"1",8,1,0
"225",18.1683935933876,12.4,"F","OTHER",3,1,"2","1",1,2,0,"1",1,3,0
"226",17.2571639167327,12.8,"M","OTHER",4,3,"4",NA,2,2,1,"1",10,2,0
"227",22.2027834099078,12.4,"M","OTHER",3,1,"2","1",4,2,1,"1",5,2,0
"228",24.6781958818483,13.2,"F","MIXED",3,3,"4","2",4,4,0,"2",2,3,0
"229",17.5939655086626,12.8,"M","OTHER",2,3,"2","1",1,2,0,"1",8,1,0
"230",16.8227793819659,12.2,"M","OTHER",3,3,"2","1",0,4,0,"2",4,3,0
"231",22.5428709267137,13,"F","MIXED",3,3,"3","1",4,0,2,"2",7,2,0
"232",15.0086729684507,12.3,"F","",4,3,"2","1",1,1,0,"1",12,3,0
"233",35.7239304039196,12.5,"F","OTHER",4,1,"2","1",2,1,1,"2",4,3,1
"234",20.4081632653061,12.5,"F","MIXED",3,3,"2","1",0,1,0,"2",0,3,0
"235",23.9103810509836,13.1,"F","OTHER",3,3,"2","1",1,1,1,"2",3,3,0
"236",25.0450714959729,12.1,"F","INDIAN",3,2,"3","1",2,2,0,"2",8,2,1
"237",18.8283691309679,12.6,"F","MIXED",5,3,"2","1",2,1,1,"1",9,3,0
"238",16.0074368828578,12.5,"F","MIXED",3,3,"2",NA,3,0,1,"2",4,2,0
"239",19.5634807779744,12.2,"F","MIXED",5,2,"2","1",2,0,0,"1",6,2,0
"240",32.9114999150671,12.7,"F","OTHER",3,2,"2","1",2,2,1,"2",7,2,1
"241",34.4021211009146,14.7,"F","CAUCASIAN",3,1,"1","1",4,4,1,"2",18,2,1
"242",17.4977452354026,12.4,"F","OTHER",4,3,"2","1",2,1,2,"2",11,1,0
"243",17.5337278106509,13,"F","MIXED",5,3,"2","1",3,0,0,"2",14,2,0
"244",16.8914259037231,12.9,"F","MIXED",5,1,"1","1",2,3,2,"2",19,1,0
"245",17.8074070759835,12.1,"M","OTHER",3,1,"2",NA,NA,NA,0,"1",16,1,0
"246",11.8704907341972,12.6,"M","OTHER",5,3,"2","2",2,3,1,"2",5,1,0
"247",14.564030807534,12,"M","OTHER",5,3,"4","1",0,1,1,"1",19,1,0
"248",25.6358314332196,11.7,"M","OTHER",2,1,"2","1",3,3,3,"2",12,1,1
"249",18.7880960312364,12.1,"M","OTHER",4,3,"2","1",4,3,3,"1",17,2,0
"250",17.3833255388214,11.6,"M","OTHER",2,3,"2","1",3,2,4,"1",3,1,0
"251",18.042160618127,11.5,"M","OTHER",2,3,"2","1",4,0,3,"1",28,2,0
"252",19.4011382001077,12.7,"M","OTHER",4,1,"2","1",0,2,0,"1",5,2,0
"253",17.0525711002585,12.5,"M","OTHER",3,1,"1","1",2,4,2,"1",5,3,0
"254",21.3409701880415,14,"M","OTHER",1,1,"2","2",NA,NA,NA,"2",12,1,0
"255",19.3875076976502,16.4,"M","OTHER",4,3,"1","1",4,4,4,"1",2,3,0
"256",20.9327428450372,12.2,"M","OTHER",5,3,"2","1",2,3,1,"2",2,3,0
"257",18.1147415963479,13.6,"M","OTHER",2,1,"2","1",4,4,4,"2",16,2,0
"258",22.5846418442851,12.5,"M","OTHER",2,1,"1",NA,2,3,2,"1",7,2,0
"259",17.0054958670734,12.7,"F","MIXED",2,1,"1","1",4,3,2,"1",11,1,0
"260",14.9685583117935,11.9,"M","MIXED",3,1,"1",NA,2,4,1,"1",18,1,0
"261",16.996550933071,12.1,"F","OTHER",3,1,"1","1",4,1,4,"1",3,1,0
"262",17.5768753058075,12,"F","OTHER",4,1,"1","1",0,2,1,"1",5,3,0
"263",16.6661044366375,13.3,"F","OTHER",3,3,"1","1",4,NA,NA,NA,5,2,0
"264",18.3664230744358,12.4,"M","OTHER",4,1,"2","2",4,3,4,"2",12,2,0
"265",19.6668836805556,13.1,"F","OTHER",2,3,"2","1",4,2,4,"1",8,2,0
"266",11.8520812374371,12.1,"F","OTHER",3,3,"2","1",4,4,4,"2",5,3,0
"267",18.0622494482231,13.1,"M","OTHER",5,1,"2","1",NA,NA,NA,"1",13,1,0
"268",19.378539847638,13.3,"F","OTHER",5,1,"1","1",4,3,4,"1",23,1,0
"269",16.9023253253335,12.5,"M","OTHER",5,3,"3","1",4,4,3,"2",6,1,0
"270",16.848000274719,13.2,"M","OTHER",5,1,"2","1",4,2,2,"2",11,2,0
"271",17.2240122906965,12.6,"F","OTHER",5,3,"2","1",4,4,2,"2",10,2,0
"272",19.9332821321577,12.3,"F","OTHER",5,3,"2","1",4,0,1,"2",14,2,0
"273",24.5330328793998,12,"F","OTHER",5,3,"3",NA,0,0,4,"1",9,2,0
"274",14.6716564556785,12.2,"M","OTHER",2,1,"2",NA,2,4,2,"1",9,2,0
"275",17.6944141968062,12,"F","OTHER",3,1,"1","1",2,3,2,"2",9,2,0
"276",17.1232554507462,12.1,"M","OTHER",5,1,"2","1",2,3,2,"2",7,2,0
"277",15.6794306321537,12.1,"M","OTHER",5,1,"2",NA,NA,NA,NA,NA,5,3,0
"278",20.8536783854167,13.3,"M","OTHER",5,1,"2","1",2,3,3,"1",6,2,0
"279",12.788079897285,12.6,"F","OTHER",4,1,"2","1",0,0,0,"2",3,2,0
"280",15.3875023456558,12.8,"M","OTHER",3,3,"2","1",1,4,4,"2",14,1,0
"281",16.4444444444444,12.5,"M","OTHER",4,3,"2","1",3,NA,3,"2",18,2,0
"282",21.4978467140506,12.1,"F","OTHER",2,1,"2","1",2,2,1,"1",8,2,0
"283",21.4978467140506,12.1,"F","OTHER",2,1,"2","1",2,2,1,"1",8,2,0
"284",21.1411596774816,12.1,"F","OTHER",5,2,"1","1",3,3,2,"2",6,2,0
"285",16.2246717586163,12.1,"M","OTHER",2,3,"2","1",0,0,0,"1",13,2,0
"286",17.5550480050436,12.1,"F","OTHER",3,3,"2","1",0,0,1,"2",14,2,0
"287",27.5111111111111,12.1,"F","OTHER",5,3,"1","1",2,0,0,"2",8,3,1
"288",15.9866049078877,12.6,"M","OTHER",2,1,"3",NA,3,2,1,"2",13,2,0
"289",18.5300979728795,14.2,"M","OTHER",3,3,"2","1",1,4,4,"1",5,1,0
"290",27.6702097098535,12.1,"M","OTHER",4,3,"2","1",NA,NA,NA,"1",7,3,1
"291",18.0552714316286,11.9,"F","OTHER",2,3,"2","1",2,4,3,"2",5,2,0
"292",16.7676680757673,12.2,"F","OTHER",5,2,"2","1",3,4,0,"1",7,1,0
"293",14.8311459163778,12,"F","OTHER",5,3,"3","2",3,0,4,"1",17,1,0
"294",17.3261987134869,13.6,"M","OTHER",4,3,"2","2",4,0,2,"2",4,3,0
"295",23.9973701512163,12.2,"M","MIXED",5,3,"2","1",4,4,3,"1",8,3,0
"296",15.7636405026928,12,"M","OTHER",5,3,"3","2",4,4,0,"2",1,3,0
"297",18.8812205680026,12.3,"M","OTHER",5,1,"1","1",4,4,4,"1",5,3,0
"298",16.5339237211408,10.9,"M","OTHER",4,3,"1","1",1,0,0,"1",4,2,0
"299",22.6444415341981,12,"F","OTHER",1,3,"1",NA,NA,NA,0,NA,0,1,0
"300",19.8839111615524,12.1,"F","OTHER",4,3,"3",NA,3,NA,NA,NA,10,2,0
"301",33.2491345336109,12.1,"M","OTHER",5,3,"2","1",0,0,0,"2",1,3,1
"302",20.5415059439793,12.2,"M","OTHER",4,1,"3","1",2,4,2,"2",2,3,0
"303",17.9411561485167,12.7,"M","OTHER",3,1,"2","1",0,3,1,"2",6,2,0
"304",16.1623646401961,11.9,"F","OTHER",3,3,"2","1",2,0,2,"2",4,2,0
"305",24.5951816015588,12.7,"F","OTHER",4,1,"2","1",2,2,2,"2",5,2,0
"306",18.4708391143446,12.9,"M","OTHER",5,3,"2","2",2,0,3,"1",14,1,0
"307",14.6333492750093,12.2,"M","MIXED",5,3,"2","1",2,0,0,"1",8,2,0
"308",35.1683796678337,12.9,"F","OTHER",5,3,"3","1",0,0,0,"2",14,2,1
"309",17.1214110689509,11.7,"M","OTHER",2,1,"1","1",1,2,1,"1",7,2,0
"310",24.2036698971784,11.9,"M","OTHER",2,3,"2",NA,2,3,1,"1",2,2,0
"311",18.0836097828069,13.4,"F","OTHER",5,3,"3","1",3,4,4,"2",8,3,0
"312",17.0693938400364,12.7,"M","OTHER",4,1,"3","1",2,2,0,"2",5,2,0
"313",16.1890620809649,12,"F","OTHER",3,2,"2","1",0,2,3,"2",9,2,0
"314",16.3966049382716,12.1,"M","OTHER",4,3,"3","1",0,1,0,"2",6,2,0
"315",14.979863750988,12.7,"M","OTHER",5,1,"2","1",2,3,NA,"1",12,1,0
"316",16.7422824435764,11.9,"F","OTHER",5,2,"2",NA,NA,NA,NA,NA,14,2,0
"317",16.1514442391762,12,"F","OTHER",3,3,"3","1",0,2,0,"1",8,2,0
"318",17.0655567117586,12.8,"F","OTHER",2,2,"3","1",NA,NA,NA,"1",6,2,0
"319",15.2947381232504,13,"F","OTHER",3,3,"3","1",2,3,4,"1",3,3,0
"320",18.4406465799931,12.4,"F","MIXED",5,3,"1","1",3,3,0,"1",17,1,0
"321",18.3768528048043,13,"F","OTHER",5,3,"3","1",1,2,1,"1",4,1,0
"322",19.8992315960652,12.7,"F","MIXED",4,3,"2","1",0,0,1,"1",19,1,0
"323",26.894534772862,12.8,"F","MIXED",3,1,"2","1",0,1,1,"2",7,2,1
"324",27.7093174765592,13,"F","MIXED",3,1,"2","1",4,4,3,"1",11,2,1
"325",19.8172540643171,12.3,"F","MIXED",4,3,"3","1",0,2,0,"2",12,2,0
"326",18.5106203739976,13,"F","OTHER",5,1,"2","1",4,3,2,"2",10,2,0
"327",28.8349298284696,13,"F","OTHER",3,3,"2","1",1,3,1,"2",6,3,1
"328",14.5593626929767,12.3,"F","",4,3,"2","1",2,0,1,"2",9,2,0
"329",18.9401882981424,12.3,"F","MIXED",5,2,"2","1",4,0,2,"2",17,2,0
"330",17.1614100185529,12.2,"F","MIXED",5,3,"2","1",2,0,1,"1",6,2,0
"331",20.8116545265349,12.2,"F","OTHER",4,2,"2","1",1,1,0,"2",22,2,0
"332",19.6932803622538,12.5,"F","MIXED",4,2,"2","1",1,2,1,"1",10,1,0
"333",17.0805795751206,12.5,"F","",2,3,"2","1",1,2,1,"1",13,1,0
"334",26.7401254827656,13,"F","OTHER",5,3,"2","1",1,NA,1,"1",3,2,1
"335",17.5280374327579,11.7,"F","OTHER",4,3,"2","1",0,2,0,"1",19,2,0
"336",17.0064207260137,12.7,"M","OTHER",2,2,"2","2",NA,0,NA,"2",12,1,0
"337",16.9986612032943,13.1,"M","OTHER",5,3,"2","2",0,0,0,"2",7,2,0
"338",14.9141031611479,11.9,"M","INDIAN",2,2,"1",NA,2,2,2,"2",10,1,0
"339",20.0284552423369,14.6,"M","OTHER",4,3,"3",NA,0,0,1,NA,9,1,0
"340",15.4666666666667,11.8,"M","OTHER",5,3,"2","1",2,0,1,"1",10,2,0
"341",18.5890566478159,12.6,"M","OTHER",3,1,"2","1",4,3,1,"1",9,2,0
"342",19.1815153722945,13,"F","OTHER",5,3,"3","1",2,0,1,"2",3,2,0
"343",17.5296571459118,12.6,"M","OTHER",2,1,"1","2",0,3,2,"2",3,2,0
"344",16.3594995838814,12.8,"M","OTHER",4,1,"1","1",2,4,0,NA,4,1,0
"345",20.5217848342534,2.2,"M","OTHER",4,1,"1","1",2,NA,3,NA,3,2,0
"346",18.0889007333599,13.7,"M","OTHER",3,3,"2","1",3,0,0,"2",7,2,0
"347",17.1764322479847,13,"F","OTHER",3,1,"2","1",1,3,3,"1",3,2,0
"348",16.4725736451308,12.8,"M","MIXED",3,3,"2","1",4,2,1,"1",1,3,0
"349",18.444805161237,12.2,"F","AFRICAN",2,3,"2","1",4,4,2,"1",15,1,0
"350",17.0167975088812,11.2,"F","OTHER",5,3,"2","1",4,0,0,"1",22,1,0
"351",20.03088398112,12.3,"M","AFRICAN",4,3,"3","1",0,0,1,"1",16,1,0
"352",17.030907639313,12.8,"M","INDIAN",2,1,"3","2",3,0,0,"1",8,2,0
"353",23.683909318351,12.7,"M","MIXED",3,3,"2","1",2,2,0,"1",1,3,0
"354",18.8600035352643,14.3,"F","OTHER",5,3,"2","1",0,1,1,"1",1,2,0
"355",17.0864915121699,13.3,"M","AFRICAN",3,3,"2","2",1,1,0,"1",6,3,0
"356",16.7714884696017,13.4,"M","OTHER",5,3,"3","2",1,0,0,"1",14,3,0
"357",19.6489800041215,13.4,"F","AFRICAN",3,3,"2","1",4,4,4,"1",15,1,0
"358",16.5378650063246,12.5,"M","OTHER",3,1,"3","1",4,1,0,"1",5,3,0
"359",15.9059836189577,12.9,"M","OTHER",3,2,"3","2",3,0,1,"2",11,3,0
"360",17.8546712802768,13.1,"F","OTHER",2,3,"3","1",0,0,1,"2",5,2,0
"361",17.1922284110346,12.5,"F","OTHER",5,3,"3","1",2,0,3,"1",13,1,0
"362",27.2330237821358,13.1,"M","OTHER",2,1,"3","2",1,2,1,"2",8,2,1
"363",15.1728443674139,13.6,"M","OTHER",3,3,"2","1",2,0,0,"1",3,3,0
"364",16.1497624097291,13.2,"M","INDIAN",4,3,"2","1",4,1,1,"2",3,3,0
"365",14.4961531244136,12.9,"M","OTHER",4,3,"2","1",0,0,1,"1",5,2,0
"366",16.2079215925274,12.7,"F","OTHER",4,3,"2","1",0,0,1,"2",3,2,0
"367",17.9542025750718,12.3,"M","OTHER",5,1,"2","1",2,2,1,"1",14,1,0
"368",32.1761502221925,13.2,"M","",4,1,"2","1",1,1,1,"1",11,1,1
"369",17.0713030944552,12.6,"M","MIXED",3,3,"3","1",2,0,0,"2",2,3,0
"370",23.3993002284743,12.5,"F","OTHER",2,1,"1","1",2,2,1,"2",6,2,0
"371",18.9522634087264,13.2,"M","OTHER",5,3,"2","1",4,4,4,"1",11,1,0
"372",21.6192844016863,13.2,"M","OTHER",3,3,"3","1",1,1,0,"1",12,1,0
"373",24.2643030380884,12.2,"M","OTHER",1,1,"3","2",0,3,4,"2",2,2,0
"374",16.5649245403337,12.9,"M","OTHER",5,3,"2","1",2,2,1,"1",9,1,0
"375",16.7958132175748,12.7,"M","OTHER",2,3,"3","1",2,3,4,"1",14,1,0
"376",25.2181493189163,13.2,"M","MIXED",5,1,"2","1",3,3,0,"1",7,2,1
"377",16.4531165606859,12.8,"M","OTHER",5,3,"2","1",1,2,0,"1",4,2,0
"378",17.0522313151711,12.2,"M","MIXED",2,1,"2","1",4,4,4,"2",11,1,0
"379",14.4202586856132,12.2,"M","INDIAN",5,3,"2","1",1,2,0,"1",12,1,0
"380",38.0269286676782,13,"M","OTHER",3,1,"2","1",4,4,1,"2",15,2,1
"381",18.8012604908275,12.6,"F","OTHER",2,3,"2","1",4,3,0,"1",5,1,0
"382",18.9349112426036,12.3,"F","OTHER",4,1,"2","1",3,2,1,"1",5,2,0
"383",21.25,12.4,"F","INDIAN",5,2,"3","1",2,1,1,"2",14,1,0
"384",18.5947264136565,13.1,"F","OTHER",5,3,"2","2",1,1,1,"1",2,3,0
"385",18.3464188431341,13,"F","OTHER",3,1,"2","1",0,1,0,"1",10,1,0
"386",18.1397346068851,13.1,"M","OTHER",2,1,"2","1",NA,2,0,"1",4,2,0
"387",20.419056492076,12.8,"M","MIXED",5,2,"2","1",4,3,4,"1",9,1,0
"388",18.752362564866,12.6,"M","OTHER",5,1,"2","1",1,0,1,"2",11,2,0
"389",20.4845690177431,12.7,"M","OTHER",1,1,"2","1",1,1,1,"2",18,1,0
"390",19.1010288412886,13,"F","OTHER",5,2,"2",NA,1,0,0,"1",13,2,0
"391",17.5432666306111,12.4,"M","OTHER",5,1,"3","1",3,2,1,"1",10,1,0
"392",17.9920190269582,12.5,"F","OTHER",3,3,"2","1",2,2,1,"2",4,2,0
"393",26.4217619986851,13,"F","MIXED",4,1,"2","1",0,2,3,"2",15,1,1
"394",20.3221273375851,12.7,"F","OTHER",4,3,"3","1",1,0,2,"2",2,3,0
"395",24.8032153772074,13.2,"F","OTHER",2,1,"2","1",1,2,0,"1",17,2,0
"396",18.3355503624609,12.7,"F","OTHER",5,2,"2","1",2,1,0,"2",9,1,0
"397",16.7930297424494,13.1,"M","OTHER",5,3,"2","1",3,4,0,"1",14,2,0
"398",17.2823901177822,NA,"M","OTHER",5,2,"2",NA,0,0,1,"1",13,1,0
"399",16.3628733205551,12.9,"F","OTHER",5,2,"2",NA,0,3,0,"1",21,2,0
"400",15.9150515178744,12.4,"M","OTHER",4,3,"2","2",0,0,0,"2",7,2,0
"401",16.6714007650672,13,"M","OTHER",5,1,"2","1",4,4,1,"1",7,1,0
"402",18.1067816775729,12.5,"M","OTHER",5,3,"3",NA,0,0,0,NA,5,2,0
"403",23.4555216788605,12.6,"F","OTHER",2,3,"3","1",2,1,1,"1",15,2,0
"404",24.4339605274388,2.6,"F","OTHER",5,1,"1",NA,0,1,2,"2",50,1,0
"405",16.09375,12.6,"M","OTHER",5,3,"2","1",0,2,1,"2",11,2,0
"406",19.5036259627945,13.7,"M","OTHER",4,3,"3","2",2,1,0,"1",10,3,0
"407",28.2448979591837,15.9,"M","OTHER",5,2,"3",NA,0,1,3,"2",11,2,1
"408",18.3853629529191,12.6,"F","OTHER",5,3,"2","1",1,4,1,"1",6,2,0
"409",17.714413009579,12.6,"F","OTHER",5,3,"2",NA,0,0,1,"1",3,2,0
"410",16.9242353616121,12.2,"F","OTHER",5,3,"3","1",0,1,1,"1",12,1,0
"411",16.612138322964,13.2,"M","OTHER",5,3,"2",NA,NA,NA,NA,"2",5,2,0
"412",19.6598331501002,15.4,"M","OTHER",5,3,"2","1",0,3,NA,"2",9,2,0
"413",17.8181500567735,11.3,"M","OTHER",5,3,"2","2",0,0,2,"2",1,1,0
"414",16.335094682673,12.1,"M","OTHER",5,1,"2","2",2,0,1,"1",18,2,0
"415",19.9193063163055,12.5,"M","OTHER",2,3,"2","2",2,0,3,"2",16,1,0
"416",18.3023523002303,13.3,"M","OTHER",4,3,"2","1",0,0,0,"1",21,1,0
"417",29.0647528552638,13.4,"M","OTHER",4,3,"2","2",0,3,4,"1",5,1,1
"418",15.6231510674486,12.2,"M","OTHER",5,3,"2",NA,2,0,0,"1",7,1,0
"419",23.6323964544931,13.5,"F","OTHER",4,3,"2","1",4,0,4,"1",8,2,0
"420",15.5770288427399,13.9,"M","OTHER",4,1,"2","2",0,2,1,"2",12,1,0
"421",25.2242101697494,12.1,"M","OTHER",5,3,"2","2",3,4,0,"2",7,2,1
"422",17.8666666666667,12.9,"M","OTHER",4,3,"2","2",2,0,1,"1",3,2,0
"423",16.1652809271857,12.6,"F","OTHER",3,3,"3","1",3,2,1,"1",13,1,0
"424",21.2709968861015,12,"F","OTHER",4,3,"2","1",3,2,1,"2",3,2,0
"425",15.6635376696154,13.1,"F","",5,2,"2","1",3,NA,0,"2",22,2,0
"426",21.6417629568294,12.8,"F","MIXED",2,3,"2","1",3,4,4,"2",4,1,0
"427",21.9513136067281,12.3,"F","OTHER",5,2,"2","1",4,4,3,"1",11,3,0
"428",20.6343089546168,12.8,"F","MIXED",3,1,"3","1",3,3,3,"2",13,2,0
"429",24.2621868964781,12.3,"F","OTHER",4,1,"2","1",2,1,0,"1",7,2,0
"430",20.365937766238,12.8,"F","OTHER",2,3,"2","1",0,0,1,"1",9,3,0
"431",17.9578743307954,12.1,"M","",2,1,"2","1",1,0,1,"1",4,2,0
"432",17.4222222222222,12.4,"M","OTHER",5,3,"2","2",0,2,0,"2",4,1,0
"433",23.7440161249685,13,"F","OTHER",2,3,"2","2",4,4,4,"2",7,2,0
"434",17.3372961438805,13,"M","OTHER",5,3,"2","1",0,4,1,"2",9,3,0
"435",18.8460051630063,12.2,"M","OTHER",5,3,"2","1",0,0,0,"2",1,3,0
"436",15.8551416602856,12.8,"M","OTHER",5,1,"2","1",2,3,0,"1",2,2,0
"437",18.2405007579833,13,"M","OTHER",2,3,"2","1",NA,NA,0,"1",13,1,0
"438",18.8361703608765,14.2,"M","OTHER",4,2,NA,"1",0,0,0,"1",10,1,0
"439",16.7962643878069,14.9,"F","OTHER",5,3,"3","1",2,1,2,"2",1,3,0
"440",18.1760204081633,12.5,"F","OTHER",4,1,"2","1",2,3,1,"1",3,1,0
"441",16.3569474054832,13,"F","OTHER",5,3,"3","1",0,0,0,"1",19,1,0
"442",28.6621278159418,12.1,"F","OTHER",4,3,"2","2",4,0,3,"2",0,3,1
"443",16.2757913622966,12.4,"F","OTHER",3,1,"2","1",1,1,2,"1",8,1,0
"444",14.3858570277703,12.7,"F","OTHER",3,3,"2","1",4,0,1,"2",1,2,0
"445",25.2743493206064,13.7,"F","OTHER",5,3,"2","1",2,1,3,"2",4,1,1
"446",14.9876373775991,12.1,"F","OTHER",5,3,"2","1",1,2,1,"2",7,3,0
"447",17.5798360741158,13.1,"M","OTHER",4,2,"3","1",3,2,3,"1",10,2,0
"448",15.2202869513632,13.2,"M","OTHER",4,2,"2","1",1,3,2,"1",9,2,0
"449",20.0011734021729,13.3,"M","OTHER",4,3,"3","1",2,NA,3,"1",12,2,0
"450",16.9834157631734,12.7,"M","OTHER",3,2,"2","2",4,3,1,"1",11,1,0
"451",13.0645499741736,12.6,"M","OTHER",5,3,"3","2",0,0,0,"2",0,2,0
"452",15.0998917498224,17,"M","OTHER",4,3,"2","1",2,2,1,"1",6,2,0
"453",15.4688100730488,12.8,"M","OTHER",2,3,"2","1",0,2,1,"2",9,3,0
"454",15.9747427293449,13.1,"M","OTHER",5,1,"2","1",3,4,1,"2",21,2,0
"455",25.8211191729962,13,"F","OTHER",4,1,"2","1",1,1,1,"2",6,1,1
"456",16.5485795147453,12.7,"M","OTHER",NA,3,"2",NA,0,0,4,"1",9,1,0
"457",18.4938485660095,13,"M","INDIAN",4,3,"2","2",2,0,1,"1",5,2,0
"458",19.7584923383519,12.9,"F","MIXED",5,3,"2","1",0,1,0,"2",10,2,0
"459",20.1748310357901,12.9,"F","OTHER",3,3,"2","1",2,1,3,"2",5,2,0
"460",15.6589814258098,12.2,"M","OTHER",4,3,"2","1",2,3,0,"1",6,1,0
"461",19.750021160737,12,"F","OTHER",5,2,"2","2",0,2,1,"1",4,1,0
"462",16.5737297158703,12.4,"F","MIXED",4,1,"2","1",2,1,1,"1",14,1,0
"463",18.1052842197618,12.7,"M","OTHER",5,3,"2",NA,0,0,NA,"1",18,2,0
"464",17.9930465871464,14,"M","OTHER",3,2,"2","1",2,3,0,"1",5,1,0
"465",16.316725116721,12.3,"F","OTHER",2,2,"2","1",2,1,1,"2",16,1,0
"466",32.5056917379782,12.5,"F","OTHER",5,3,"2",NA,4,1,0,"2",11,2,1
"467",15.6604104823007,12.8,"M","OTHER",5,3,"2","1",4,0,2,"1",4,2,0
"468",18.9463297526042,12.3,"M","OTHER",3,3,"2","1",2,0,2,NA,3,2,0
"469",17.6137875784943,13.2,"M","OTHER",5,3,"2","2",3,0,3,"2",30,1,0
"470",15.9846285254303,12.5,"M","OTHER",3,3,"2","1",0,2,1,"2",0,3,0
"471",19.9647736168279,NA,"F","OTHER",5,2,"2","1",3,3,0,"1",6,1,0
"472",15.5883888356056,12.7,"F","OTHER",5,2,"3","1",4,4,1,"1",11,2,0
"473",19.6724615772235,12.4,"F","OTHER",5,3,"3","1",4,0,0,"1",12,2,0
"474",17.7095631641086,13,"M","OTHER",4,1,"2",NA,NA,NA,NA,NA,8,1,0
"475",15.1041046560329,14,"M","OTHER",2,3,"2","1",4,0,2,"2",0,3,0
"476",16.7780940653891,14.2,"M","MIXED",1,3,"2","1",2,0,0,"2",8,2,0
"477",19.4655807601325,15.4,"M","OTHER",4,3,"2","1",2,4,1,"2",0,3,0
"478",28.5380673633825,13.5,"M","OTHER",4,3,"2",NA,1,0,0,"1",10,1,1
"479",28.6284432638583,12.4,"M","OTHER",5,1,"3","1",1,1,0,"2",7,2,1
"480",18.7721123829344,12.3,"M","OTHER",5,3,"2","1",0,0,0,"2",15,1,0
"481",16.0866984844482,12.2,"M","AFRICAN",5,1,"3","1",0,2,0,"2",12,1,0
"482",17.8062678062678,12.1,"M","OTHER",5,3,"2","1",3,4,3,"1",1,1,0
"483",23.4811376439932,13.4,"F","OTHER",5,3,"2","1",4,0,1,"1",5,2,0
"484",15.9179275026835,12.5,"M","OTHER",5,3,"2","1",1,4,1,"1",10,1,0
"485",16.765736930346,12.3,"F","MIXED",2,3,"2",NA,2,3,1,"2",5,3,0
"486",25.0498453776042,12.8,"F","OTHER",4,3,"2","2",2,0,1,"1",23,2,1
"487",18.9063328087753,12.6,"M","OTHER",1,3,"1","1",0,2,1,"2",5,2,0
"488",16.9690449410729,13,"M","OTHER",2,3,"2","1",0,0,2,NA,9,1,0
"489",14.268727705113,13.1,"M","OTHER",5,3,"2",NA,0,0,1,"1",4,2,0
"490",23.9024620727088,12.1,"M","OTHER",2,3,"2",NA,2,2,1,"2",2,1,0
"491",16.6991599383478,12.3,"M","OTHER",4,3,"2","1",2,3,1,"1",15,1,0
"492",24.3227032362577,12.2,"M","MIXED",3,1,"2","1",1,2,1,"2",19,1,0
"493",16.058123929844,12.3,"M","OTHER",3,1,"2","1",0,1,0,"1",10,1,0
"494",18.1547746408921,11.4,"M","OTHER",5,1,"2","1",1,0,1,"1",5,3,0
"495",15.3242138096383,12.7,"M","OTHER",5,3,"2",NA,4,4,0,NA,13,1,0
"496",18.9473474708675,13,"F","OTHER",2,1,"2","1",3,0,1,"1",7,1,0
"497",19.7727671460887,12.2,"F","OTHER",3,3,"3","1",2,1,0,"2",8,2,0
"498",19.3499622071051,12.3,"F","OTHER",4,3,"2","2",0,0,1,"2",7,2,0
"499",19.9571903623088,12.2,"M","OTHER",4,2,"2","1",1,0,0,"1",9,2,0
"500",16.3566765883368,12.1,"M","OTHER",3,2,"2","1",1,2,3,"1",8,1,0
"501",17.8125,13.3,"F","MIXED",4,3,"2","1",1,1,1,"2",4,2,0
"502",20.5688569332743,15.1,"F","OTHER",3,2,"2","1",3,0,0,"2",0,3,0
"503",20.6764433875017,12.4,"F","OTHER",4,1,"2","1",1,0,0,"1",1,3,0
"504",20.6159331612674,13.2,"M","AFRICAN",5,3,"2","2",4,0,0,"1",10,2,0
"505",17.8106522161894,13.5,"M","OTHER",5,3,"2","1",2,0,2,"1",7,2,0
"506",17.4480051299358,13.3,"F","OTHER",2,1,"1","1",3,4,2,"1",19,1,0
"507",25.1974288337925,12.5,"F","OTHER",4,3,"2","1",4,4,4,"1",23,2,1
"508",20.4814270886429,12.4,"F","OTHER",4,2,"2","1",4,4,4,"1",19,2,0
"509",20.0688992148694,12.5,"F","OTHER",5,3,NA,NA,0,0,0,"2",11,2,0
"510",18.1150043993582,12.9,"F","OTHER",5,2,"3","1",4,4,4,"1",5,2,0
"511",17.4747174301011,13.3,"M","OTHER",4,3,"2","2",3,0,3,"1",10,2,0
"512",15.4266956308116,12.5,"M","",4,3,"2","2",4,4,4,"1",12,1,0
"513",16.1494438974101,13.6,"M","OTHER",3,1,"2","2",2,0,1,"1",7,3,0
"514",26.7892436763053,14,"M","OTHER",5,3,"2","1",1,0,2,"2",14,3,1
"515",17.8131161212749,13,"M","OTHER",3,1,"2","1",0,0,0,"2",16,1,0
"516",19.6849633898279,11.1,"M","OTHER",3,3,"3","1",0,0,0,"1",13,2,0
"517",16.9922324130395,12.3,"M","OTHER",3,3,"2","1",0,2,1,"1",10,2,0
"518",16.9043422528441,13.3,"M","OTHER",4,2,"2","1",2,0,2,"2",5,3,0
"519",21.7536497385924,13.7,"M","OTHER",4,3,"2","1",1,3,1,"1",7,2,0
"520",17.2283421071927,12.1,"F","OTHER",5,3,"2","1",0,0,0,"1",2,2,0
"521",21.9824954203135,13.4,"F","OTHER",4,3,"3","1",0,0,0,"2",8,2,0
"522",21.2819263637407,12.3,"F","OTHER",4,3,"2","1",4,3,0,"2",111,3,0
"523",17.4322780089185,11.1,"M","OTHER",5,3,"2","1",2,3,1,"2",1,3,0
"524",18.4491070101298,17,"M","OTHER",5,2,"2","1",0,0,4,"1",5,2,0
"525",16.9333333333333,13.1,"M","",5,3,"2","1",4,0,2,"1",1,1,0
"526",17.5068441611775,14.1,"M","OTHER",5,1,"2","1",3,4,4,"1",3,3,0
"527",17.2648614004166,12.7,"M","",5,1,"2","1",2,2,2,"1",10,2,0
"528",19.7333492572882,12.9,"M","OTHER",5,3,"1","1",4,0,1,"1",15,2,0
"529",18.0897959183673,16.5,"M","OTHER",4,3,"3","1",0,0,4,"1",4,2,0
"530",16.7368848560842,13.3,"M","OTHER",5,3,"1",NA,4,0,0,"2",13,1,0
"531",13.4220701963117,13.3,"F","",4,2,"2","1",1,0,0,"2",6,2,0
"532",17.6348848253076,12.4,"F","",3,3,"2","1",3,0,0,"2",6,3,0
"533",17.7303978284087,13.6,"M","OTHER",5,3,"3","1",1,2,1,"2",20,1,0
"534",17.3558731351095,14.1,"F","AFRICAN",5,3,"2","1",0,0,1,"1",7,2,0
"535",19.3540226007758,14.7,"M","OTHER",1,2,"2","1",2,4,4,"1",6,1,0
"536",15.5427666318083,14.7,"F","MIXED",3,1,"2","2",1,1,1,"2",0,3,0
"537",17.0179470878772,14.2,"M","MIXED",5,3,"2","1",1,1,0,"1",8,1,0
"538",18.9889920529651,14.1,"M","OTHER",5,3,"2","1",3,2,0,"1",12,2,0
"539",16.8,15.5,"F","INDIAN",4,1,"2","1",2,1,1,"2",1,3,0
"540",17.0789104555843,14.4,"M","OTHER",5,3,"2","2",0,0,3,"1",8,2,0
"541",18.5399966418119,14.9,"M","OTHER",5,1,"3","2",3,0,0,"1",12,1,0
"542",18.0721242047809,15.8,"M","OTHER",5,3,"2","1",0,2,2,"1",10,1,0
"543",17.9532537920132,15.5,"F","AFRICAN",3,3,"2","1",0,0,1,"1",5,1,0
"544",18.2790724101265,14.3,"M","MIXED",2,1,"1","2",2,NA,NA,"2",11,2,0
"545",19.1076847232021,14.8,"M","OTHER",5,1,"2","2",4,0,1,"2",4,1,0
"546",17.9636599483103,15.1,"M","OTHER",5,3,"2","2",3,0,0,"2",14,1,0
"547",18.3224748103288,14,"M","MIXED",5,3,"2","1",2,0,1,"2",6,1,0
"548",20.262557538398,15.6,"M","OTHER",5,1,"2","1",1,4,4,"1",7,2,0
"549",15.4869118761047,-5.8,"M","MIXED",5,3,"2","1",2,2,2,"1",25,1,0
"550",17.8657266463708,NA,"M","OTHER",5,3,"2","1",0,0,1,"1",14,2,0
"551",18.7418996464209,14.1,"F","OTHER",1,1,"2","1",0,0,0,"1",15,2,0
"552",21.7784352399737,12.8,"M","OTHER",3,3,"3","1",3,0,0,"2",5,1,0
"553",25.0156244792697,12.4,"F","MIXED",5,1,"2","1",0,2,1,"1",11,2,1
"554",18.75686033158,12.9,"F","OTHER",3,1,"2","1",1,1,0,"1",6,1,0
"555",17.4879747355355,12.4,"F","OTHER",3,1,"3","1",2,1,1,"1",12,2,0
"556",20.3994591876709,13,"F","OTHER",5,1,"2","1",1,4,0,"1",25,1,0
"557",14.2508526956489,12.6,"F","OTHER",4,1,"2","1",1,1,1,"2",10,2,0
"558",15.7798665961548,13.5,"F","OTHER",4,3,"2","1",1,4,2,"1",7,1,0
"559",25.9183401054402,13,"M","MIXED",5,1,"2","1",2,1,2,"1",14,2,1
"560",18.1978847827976,13,"F","OTHER",5,2,"2","1",1,3,1,"2",15,1,0
"561",19.383492039595,7.1,"F","OTHER",4,2,"2","1",2,3,3,"1",15,2,0
"562",23.2013057067572,12.5,"F","OTHER",3,3,"2","1",3,3,0,"2",13,2,0
"563",17.5496087682183,12.5,"F","OTHER",1,3,"3","1",2,1,1,"1",6,3,0
"564",21.2811482122296,12.4,"M","OTHER",5,1,"3","1",0,2,0,"1",31,2,0
"565",25.5121171251122,12.6,"F","OTHER",3,3,"2","1",2,3,0,"2",3,3,1
"566",18.0122475519453,12.6,"F","MIXED",5,2,"2","1",1,2,1,"2",10,2,0
"567",20.2279887820851,12.4,"F","OTHER",2,3,"2","1",4,0,0,"2",8,2,0
"568",26.7032700744822,12.4,"M","OTHER",5,3,"2","1",1,2,1,"2",6,1,1
"569",19.0195941594659,12.4,"F","OTHER",2,1,"2","1",2,3,2,"1",2,2,0
"570",18.6011904761905,12,"F","MIXED",2,1,"1","1",4,2,1,"1",9,3,0
"571",27.6491073980131,12.2,"F","AFRICAN",2,1,"2","1",2,3,3,"1",14,2,1
"572",17.0373260993325,12.7,"F","OTHER",5,3,"2","1",3,2,0,"1",15,1,0
"573",22.9244964976464,12.2,"F","OTHER",4,1,"1","1",1,1,2,"2",9,1,0
"574",24.6794019439712,12.6,"F","OTHER",3,2,"4",NA,2,2,1,"1",18,2,0
"575",20.9365244536941,NA,"F","MIXED",3,1,"2","1",2,2,3,"2",6,2,0
"576",13.7060238506065,12.3,"F","AFRICAN",5,3,"2","1",1,0,1,"1",9,1,0
"577",21.7121156215844,11.9,"F","OTHER",4,2,"2","1",3,2,0,"2",8,2,0
"578",14.1415196403063,12,"F","MIXED",2,1,"1","1",3,3,2,"1",1,1,0
"579",23.4406984681504,12.4,"F","OTHER",5,1,"2",NA,NA,NA,0,NA,11,1,0
"580",15.6147771426367,12.2,"F","OTHER",3,2,"2","1",4,4,1,"2",1,3,0
"581",23.9836818718341,12,"F","OTHER",3,1,"1","1",3,2,1,"1",1,2,0
"582",16.9855813993961,12,"F","OTHER",3,3,"2","1",2,2,0,"2",0,3,0
"583",16.2429631754455,12,"F","OTHER",3,3,"2","1",3,3,0,"1",3,2,0
"584",20.4607479235856,12.2,"F","OTHER",1,3,"2","1",0,2,0,"2",4,2,0
"585",23.9815050901425,11,"F","MIXED",3,1,"1","1",4,2,1,"1",11,2,0
"586",13.4586543409319,12,"F","OTHER",5,3,"2","1",4,2,2,"2",9,2,0
"587",25.6820606614845,12.2,"F","MIXED",4,3,"3","1",3,2,0,"1",15,1,1
"588",24.6416964143002,11.8,"F","OTHER",3,3,"1","1",0,2,1,"1",2,2,0
"589",19.0935685795563,12.5,"F","OTHER",5,3,"3","1",0,0,0,"1",10,2,0
"590",17.6403651307126,12.4,"F","MIXED",2,1,"1","1",2,3,3,"2",2,2,0
"591",17.560599418167,12.9,"F","OTHER",4,2,"1","1",1,1,0,"1",1,2,0
"592",20.7922419460881,12.2,"F","OTHER",4,1,"1","1",4,3,2,"1",2,2,0
"593",16.4853776958109,12.2,"F","OTHER",2,3,"2","1",3,NA,4,"1",3,2,0
"594",12.6460920379839,12.1,"F","MIXED",3,1,"1","2",2,1,1,"1",4,3,0
"595",12.7546937519237,12.1,"F","MIXED",3,1,"1","1",3,2,1,"1",5,2,0
"596",22.4779981367991,12.7,"F","OTHER",4,1,"1","1",3,2,1,"1",9,2,0
"597",18.5604864975416,12.8,"F","OTHER",3,3,"2",NA,3,0,1,"2",4,2,0
"598",18.5950215184656,12.1,"F","OTHER",3,1,"2","1",3,3,1,"1",60,1,0
"599",27.7385149487376,12,"F","MIXED",3,1,"1","1",2,2,2,"1",14,3,1
"600",20.8744247205786,12.7,"F","OTHER",5,1,"1","1",3,2,1,"1",12,1,0
"601",18.3929538119999,12.2,"F","OTHER",3,1,"2","1",0,0,4,NA,17,1,0
"602",16.0129396675875,11.7,"F","OTHER",4,1,"2","1",2,2,1,"2",6,1,0
"603",19.6327478589055,12.2,"F","OTHER",2,1,"2","1",0,0,4,"1",18,2,0
"604",19.5601683843809,12.2,"F","AFRICAN",4,1,"1","1",2,3,1,"2",11,2,0
"605",18.2255676761171,12.4,"F","MIXED",2,1,"2","1",2,4,1,"1",8,2,0
"606",14.3581456924172,12.6,"F","OTHER",5,1,"1","1",4,3,1,"1",1,2,0
"607",32.5518943242851,12.2,"F","OTHER",4,1,"1","1",2,1,1,"2",7,2,1
"608",24.1706524255948,12.4,"F","AFRICAN",3,1,"1","1",NA,NA,NA,NA,6,NA,0
"609",24.6293768115233,12.6,"F","OTHER",3,3,"1","1",3,3,4,"1",2,2,0
"610",32.1135244500698,12.3,"M","OTHER",5,3,"3","1",4,0,1,"2",8,3,1
"611",15.5666191278124,13.4,"M","OTHER",5,2,"2","1",3,4,2,"1",14,2,0
"612",18.778277877274,14.5,"M","OTHER",5,1,"3","1",2,3,1,"1",21,1,0
"613",14.6956212175151,12.5,"M","OTHER",5,3,"2","2",2,2,1,"2",5,1,0
"614",16.9572730551623,15,"M","OTHER",5,3,"3","1",0,0,0,"1",6,1,0
"615",21.7326920018209,15,"M","OTHER",2,1,"2","1",2,0,1,"1",10,1,0
"616",16.8456745033322,13,"M","OTHER",5,3,"3","1",1,2,0,"1",12,2,0
"617",24.7209474895751,12.4,"F","OTHER",1,3,"2","1",2,0,3,"1",11,1,0
"618",18.5346652631086,12.7,"F","OTHER",2,3,"2","1",4,2,0,"2",6,2,0
"619",17.8923589945857,12.7,"F","OTHER",5,3,"2","1",3,0,1,"1",5,1,0
"620",16.7233560090703,12.2,"F","MIXED",4,3,"2","2",4,4,0,"2",1,3,0
"621",18.1497994411434,13.1,"F","",3,3,"2","2",4,0,0,"1",6,1,0
"622",14.7253130525734,12.9,"M","",5,3,"2","1",0,0,0,"2",12,2,0
"623",19.5980093360596,12.8,"F","MIXED",4,3,"3","2",1,0,2,"2",12,2,0
"624",16.6381134102863,12.3,"M","MIXED",5,2,"3","1",4,4,0,"2",11,2,0
"625",18.5068927855798,13.3,"M","MIXED",5,3,"2","2",4,0,0,NA,5,2,0
"626",19.6586938295136,13.5,"F","OTHER",3,3,"1","1",0,0,0,"2",2,1,0
"627",16.2895090008793,12.3,"F","MIXED",4,2,"2","1",1,2,1,"2",4,2,0
"628",24.0380325380265,13.1,"F","",4,3,"2","1",0,0,4,"2",8,2,0
"629",16.6204271736343,12.5,"M","",5,3,"2","1",0,4,1,"1",7,1,0
"630",18.9872747435961,13.1,"M","INDIAN",5,3,"2","1",0,3,4,"2",11,3,0
"631",15.5498805843612,13,"M","MIXED",5,3,"2","1",2,0,1,"1",12,2,0
"632",17.2208312931329,12.3,"F","MIXED",5,1,"2","1",2,2,0,"2",8,3,0
"633",13.4383912266404,12.2,"F","INDIAN",4,2,"2","1",2,1,2,"1",15,1,0
"634",21.5324415932522,13.1,"F","",4,3,"2","1",1,0,2,"1",6,2,0
"635",14.2076142889811,12.5,"M","INDIAN",2,3,"2","1",4,0,0,"1",10,2,0
"636",18.0532226196372,13,"M","",3,3,"2","1",1,0,1,"1",11,2,0
"637",18.8650129238841,13,"F","MIXED",2,2,"3","1",4,3,2,"2",3,3,0
"638",16.72419460881,12.2,"M","",2,3,"2","2",1,0,4,"1",7,2,0
"639",19.7104032078414,12.8,"F","MIXED",2,3,"2","1",0,1,3,"1",2,3,0
"640",18.7597653573093,12.6,"M","",5,3,"2",NA,4,2,0,"2",10,2,0
"641",16.9831994156318,12.8,"F","",5,3,"2","1",2,0,0,"1",6,1,0
"642",21.9418773673991,12.2,"F","MIXED",5,3,"2","2",2,0,0,"2",5,3,0
"643",16.6714084395324,NA,"M","MIXED",NA,NA,NA,NA,NA,NA,NA,NA,0,NA,0
"644",14.910647420311,12.2,"F","OTHER",1,2,"2","1",1,0,1,"2",12,1,0
"645",17.6705122369665,12.2,"M","MIXED",3,3,"2","2",1,1,0,"2",5,1,0
"646",20.9027704880384,12.2,"F","INDIAN",2,1,"1","1",1,2,1,"1",3,3,0
"647",16.8868571751066,13.1,"F","OTHER",4,3,"2","1",4,4,0,NA,21,1,0
"648",17.421014661576,12.3,"F","",5,1,"3","1",1,0,1,"1",6,3,0
"649",15.6635530831611,12.7,"F","OTHER",5,3,"3","2",0,0,0,"1",9,2,0
"650",19.4258341519409,12,"M","MIXED",2,1,"1","1",3,3,1,"2",6,2,0
"651",21.057913337403,12.5,"M","MIXED",3,3,"3",NA,3,2,0,"1",12,2,0
"652",23.7006553878982,12.8,"M","OTHER",5,2,"2","1",4,0,1,"1",8,1,0
"653",28.9632221964678,12.4,"M","OTHER",2,3,"1","2",1,2,1,"2",110,2,1
"654",15.2190870456437,12.2,"M","OTHER",5,1,"2","1",4,1,0,"1",9,3,0
"655",23.5388272956241,12,"M","MIXED",5,1,"1","1",3,2,0,"1",4,2,0
"656",19.0750667727102,11.9,"M","OTHER",2,3,"4",NA,4,3,3,"1",8,1,0
"657",15.6431509935197,12.6,"M","OTHER",1,3,"2","1",3,0,2,"1",11,1,0
"658",14.8122214292447,12.4,"M","OTHER",2,2,"1","1",3,2,1,"1",2,3,0
"659",14.8660771498142,12.2,"M","OTHER",5,3,"3","1",3,2,1,"1",8,2,0
"660",19.7161553497068,12.2,"M","OTHER",2,1,"2","1",2,3,1,"1",13,2,0
"661",19.2253137237451,12.5,"M","OTHER",2,1,"1","1",3,3,1,"1",17,2,0
"662",23.5953084915329,12.3,"M","INDIAN",1,3,"1","1",0,0,1,"2",17,2,0
"663",20.2816663855625,13,"M","OTHER",4,3,"2","1",4,4,0,"1",3,3,0
"664",20.755297770249,11.9,"M","OTHER",5,1,"2","1",0,4,0,"1",7,2,0
"665",16.3853679162543,11.2,"M","OTHER",4,1,"1",NA,3,2,1,"2",0,3,0
"666",15.6830776098834,12,"M","OTHER",1,3,"2","1",1,2,1,"1",5,2,0
"667",23.0081744632009,12.3,"M","OTHER",3,1,"1","1",2,1,1,"2",14,2,0
"668",26.7092466250544,13,"M","OTHER",4,2,"2",NA,1,1,2,"2",8,1,1
"669",15.3764818519073,13.1,"M","OTHER",5,1,"2","1",2,0,0,"1",18,2,0
"670",16.98357091972,12.7,"M","OTHER",3,1,"1","1",2,2,1,"2",0,2,0
"671",24.3430732061034,12.6,"M","OTHER",4,1,"1",NA,2,2,1,"1",18,1,0
"672",16.4849260030061,12.2,"M","OTHER",2,1,"2","1",2,NA,3,"1",9,1,0
"673",23.0740250355344,12,"M","OTHER",4,1,"2","2",2,3,1,"1",6,1,0
"674",16.8747278269705,12.5,"M","MIXED",5,1,"3",NA,NA,NA,NA,"2",18,1,0
"675",20.5735340188061,12.1,"M","OTHER",4,1,"1","1",0,3,1,"2",5,2,0
"676",20.2919188323247,12.7,"M","OTHER",1,3,"2","1",2,2,1,"1",17,3,0
"677",20.5137704269423,12.5,"M","",2,1,"2","1",2,2,2,"1",27,1,0
"678",19.9602925432938,12.1,"M","OTHER",2,1,"1","1",2,3,2,"1",8,2,0
"679",16.4909398171473,12.7,"M","OTHER",4,1,"1","1",NA,4,NA,"2",11,2,0
"680",15.436710561677,12.1,"M","OTHER",4,1,"2","1",2,2,1,"1",10,2,0
"681",15.7773636760133,11.9,"M","OTHER",4,3,"2","1",0,0,0,"2",1,2,0
"682",16.4820855210798,11.9,"M","OTHER",5,1,"2",NA,3,2,2,"1",16,1,0
"683",18.2142857142857,12.1,"M","MIXED",4,1,"1","1",3,4,1,"1",11,2,0
"684",16.7153674553052,12.5,"M","OTHER",4,2,"2","1",3,4,2,"1",14,2,0
"685",18.3821026402146,12.3,"M","MIXED",3,2,"1","1",3,3,2,"1",17,1,0
"686",16.2405835464578,12.3,"M","OTHER",4,3,"2","1",1,1,1,"1",9,1,0
"687",17.8062078575503,13.8,"M","OTHER",5,3,"2","1",0,2,0,"1",180,1,0
"688",37.6606538404643,13.6,"M","OTHER",4,1,"1","1",3,4,2,"2",3,2,1
"689",14.5375349552285,12.5,"M","OTHER",5,2,"2","1",4,4,4,"1",14,2,0
"690",15.335058492593,12.4,"M","OTHER",5,1,"2","1",2,3,0,"1",3,1,0
"691",18.1114350824468,13.4,"M","OTHER",3,3,"3",NA,2,3,4,NA,70,2,0
